{
	"info": {
		"_postman_id": "1d444f66-323d-476e-9548-a220e8adfcc5",
		"name": "kyc_wallet",
		"schema": "https://schema.getpostman.com/json/collection/v2.1.0/collection.json",
		"_exporter_id": "19360181"
	},
	"item": [
		{
			"name": "USER",
			"item": [
				{
					"name": "ONBOARDING",
					"item": [
						{
							"name": "register",
							"request": {
								"method": "POST",
								"header": [],
								"body": {
									"mode": "raw",
									"raw": "{\r\n    \"key\": \"755960166\",\r\n    \"countryCode\": \"+91\",\r\n    \"role\": \"user\",\r\n    \"hash\": \"\",\r\n    \"sek\": \"\",\r\n    \"appKey\": \"\"\r\n}",
									"options": {
										"raw": {
											"language": "json"
										}
									}
								},
								"url": {
									"raw": "{{local}}/api/v1/user/register",
									"host": [
										"{{local}}"
									],
									"path": [
										"api",
										"v1",
										"user",
										"register"
									]
								}
							},
							"response": []
						},
						{
							"name": "verifyotp",
							"request": {
								"method": "POST",
								"header": [],
								"body": {
									"mode": "raw",
									"raw": "{\r\n    \"key\":\"755960166\",\r\n    \"countryCode\":\"+91\",\r\n    \"code\":\"1234\"\r\n}",
									"options": {
										"raw": {
											"language": "json"
										}
									}
								},
								"url": {
									"raw": "{{local}}/api/v1/user/verifyotp",
									"host": [
										"{{local}}"
									],
									"path": [
										"api",
										"v1",
										"user",
										"verifyotp"
									]
								}
							},
							"response": []
						},
						{
							"name": "addPassCode",
							"request": {
								"auth": {
									"type": "bearer",
									"bearer": [
										{
											"key": "token",
											"value": "eyJhbGciOiJIUzI1NiIsInR5cCI6IkpXVCJ9.eyJfaWQiOiI2NDFiZTI5NWVmMDhiNjBiZDkxMmQyMmMiLCJyb2xlIjoidXNlciIsImp0aSI6ImY1ODUxNmU2MGVkZmYwZGQ3MGNhYmUzN2ViNjVkNDFkZDBkYzNkODAiLCJpYXQiOjE2Nzk1NDkxNjMsImV4cCI6MTY4MDQxMzE2M30.rqtCvEbTUZGbiZo48wUkEQ8jwxMnY13eW3QU-7BrPUU",
											"type": "string"
										}
									]
								},
								"method": "POST",
								"header": [],
								"body": {
									"mode": "raw",
									"raw": "{\r\n    \"passCode\":\"1234\"\r\n}",
									"options": {
										"raw": {
											"language": "json"
										}
									}
								},
								"url": {
									"raw": "{{local}}/api/v1/user/passCode",
									"host": [
										"{{local}}"
									],
									"path": [
										"api",
										"v1",
										"user",
										"passCode"
									]
								}
							},
							"response": []
						},
						{
							"name": "upload",
							"request": {
								"method": "POST",
								"header": [],
								"body": {
									"mode": "formdata",
									"formdata": [
										{
											"key": "image",
											"type": "file",
											"src": "/home/robin/Pictures/test/sample.jpg"
										}
									]
								},
								"url": {
									"raw": "{{local}}/api/v1/user/upload",
									"host": [
										"{{local}}"
									],
									"path": [
										"api",
										"v1",
										"user",
										"upload"
									]
								}
							},
							"response": []
						},
						{
							"name": "doc_upload",
							"request": {
								"auth": {
									"type": "bearer",
									"bearer": [
										{
											"key": "token",
											"value": "eyJhbGciOiJIUzI1NiIsInR5cCI6IkpXVCJ9.eyJfaWQiOiI2NDFiZTI5NWVmMDhiNjBiZDkxMmQyMmMiLCJyb2xlIjoidXNlciIsImp0aSI6ImY1ODUxNmU2MGVkZmYwZGQ3MGNhYmUzN2ViNjVkNDFkZDBkYzNkODAiLCJpYXQiOjE2Nzk1NDkxNjMsImV4cCI6MTY4MDQxMzE2M30.rqtCvEbTUZGbiZo48wUkEQ8jwxMnY13eW3QU-7BrPUU",
											"type": "string"
										}
									]
								},
								"method": "POST",
								"header": [],
								"body": {
									"mode": "raw",
									"raw": "{\r\n    \"document\": \"https://kooban.s3.af-south-1.amazonaws.com/1679549321850_sample.jpg\",\r\n    \"doc_type\": \"THUMB_SELFIE\",\r\n    \"type\": \"OTHERS\"\r\n}",
									"options": {
										"raw": {
											"language": "json"
										}
									}
								},
								"url": {
									"raw": "{{local}}/api/v1/user/doc_upload",
									"host": [
										"{{local}}"
									],
									"path": [
										"api",
										"v1",
										"user",
										"doc_upload"
									]
								}
							},
							"response": []
						},
						{
							"name": "update profile",
							"request": {
								"auth": {
									"type": "bearer",
									"bearer": [
										{
											"key": "token",
											"value": "eyJhbGciOiJIUzI1NiIsInR5cCI6IkpXVCJ9.eyJfaWQiOiI2NDFiZTI5NWVmMDhiNjBiZDkxMmQyMmMiLCJyb2xlIjoidXNlciIsImp0aSI6ImY1ODUxNmU2MGVkZmYwZGQ3MGNhYmUzN2ViNjVkNDFkZDBkYzNkODAiLCJpYXQiOjE2Nzk1NDkxNjMsImV4cCI6MTY4MDQxMzE2M30.rqtCvEbTUZGbiZo48wUkEQ8jwxMnY13eW3QU-7BrPUU",
											"type": "string"
										}
									]
								},
								"method": "POST",
								"header": [],
								"body": {
									"mode": "raw",
									"raw": "{\r\n    \"firstName\": \"Rohan\",\r\n    \"lastName\": \"boys\",\r\n    \"saIdNo\": \"123454545\",\r\n    \"documentExpiryDate\": \"2023-03-23\",\r\n    \"password\": \"12345\",\r\n    \"deviceToken\": \"cdfdfd\",\r\n    \"deviceType\": \"WEB\",\r\n    \"isProfileComplete\" : true\r\n}",
									"options": {
										"raw": {
											"language": "json"
										}
									}
								},
								"url": {
									"raw": "{{local}}/api/v1/user/profile",
									"host": [
										"{{local}}"
									],
									"path": [
										"api",
										"v1",
										"user",
										"profile"
									]
								}
							},
							"response": []
						},
						{
							"name": "sendOtp",
							"request": {
								"method": "POST",
								"header": [],
								"body": {
									"mode": "raw",
									"raw": "{\r\n  \"phone\":\"7559760166\",\r\n  \"countryCode\":\"+91\",\r\n   \"password\":\"12345\"\r\n\r\n}",
									"options": {
										"raw": {
											"language": "json"
										}
									}
								},
								"url": {
									"raw": "{{local}}/api/v1/user/profile",
									"host": [
										"{{local}}"
									],
									"path": [
										"api",
										"v1",
										"user",
										"profile"
									]
								}
							},
							"response": []
						},
						{
							"name": "login",
							"request": {
								"method": "POST",
								"header": [],
								"body": {
									"mode": "raw",
									"raw": "{\r\n    \"saIdNo\": \"123454545\",\r\n    \"phone\": \"755960166\",\r\n    \"countryCode\": \"+91\",\r\n    \"password\": \"12345\",\r\n    \"role\": \"user\"\r\n}",
									"options": {
										"raw": {
											"language": "json"
										}
									}
								},
								"url": {
									"raw": "{{local}}/api/v1/user/login",
									"host": [
										"{{local}}"
									],
									"path": [
										"api",
										"v1",
										"user",
										"login"
									]
								}
							},
							"response": []
						},
						{
							"name": "find Sa Id",
							"request": {
								"method": "POST",
								"header": [],
								"body": {
									"mode": "raw",
									"raw": "{\r\n    \"saIdNo\":\"123454545\"\r\n}",
									"options": {
										"raw": {
											"language": "json"
										}
									}
								},
								"url": {
									"raw": "{{local}}/api/v1/user/saId",
									"host": [
										"{{local}}"
									],
									"path": [
										"api",
										"v1",
										"user",
										"saId"
									]
								}
							},
							"response": []
						},
						{
							"name": "forgotpassword",
							"request": {
								"method": "POST",
								"header": [],
								"body": {
									"mode": "raw",
									"raw": "{\r\n    \"phone\": \"755960166\",\r\n    \"countryCode\": \"+91\"\r\n}",
									"options": {
										"raw": {
											"language": "json"
										}
									}
								},
								"url": {
									"raw": "{{local}}/api/v1/user/forgotpassword",
									"host": [
										"{{local}}"
									],
									"path": [
										"api",
										"v1",
										"user",
										"forgotpassword"
									]
								}
							},
							"response": []
						},
						{
							"name": "logout",
							"request": {
								"auth": {
									"type": "bearer",
									"bearer": [
										{
											"key": "token",
											"value": "eyJhbGciOiJIUzI1NiIsInR5cCI6IkpXVCJ9.eyJfaWQiOiI2NDFiZTI5NWVmMDhiNjBiZDkxMmQyMmMiLCJyb2xlIjoidXNlciIsImp0aSI6ImY1ODUxNmU2MGVkZmYwZGQ3MGNhYmUzN2ViNjVkNDFkZDBkYzNkODAiLCJpYXQiOjE2Nzk1NDkxNjMsImV4cCI6MTY4MDQxMzE2M30.rqtCvEbTUZGbiZo48wUkEQ8jwxMnY13eW3QU-7BrPUU",
											"type": "string"
										}
									]
								},
								"method": "POST",
								"header": [],
								"url": {
									"raw": "{{local}}/api/v1/user/logout",
									"host": [
										"{{local}}"
									],
									"path": [
										"api",
										"v1",
										"user",
										"logout"
									]
								}
							},
							"response": []
						},
						{
							"name": "changepassword",
							"request": {
								"auth": {
									"type": "bearer",
									"bearer": [
										{
											"key": "token",
											"value": "eyJhbGciOiJIUzI1NiIsInR5cCI6IkpXVCJ9.eyJfaWQiOiI2NDFiZTI5NWVmMDhiNjBiZDkxMmQyMmMiLCJyb2xlIjoidXNlciIsImp0aSI6ImExYzY2MmJjNTM3YmI5ZDhhMzc5Njk4OTU0MjZiYTExM2U5NjFlYmIiLCJpYXQiOjE2Nzk1NTE1MTAsImV4cCI6MTY4MDQxNTUxMH0.OvvcufUXytbYUqPyp5vNp0VXJOBxO4qdN0km1gpzCt0",
											"type": "string"
										}
									]
								},
								"method": "POST",
								"header": [],
								"body": {
									"mode": "raw",
									"raw": "{\r\n    \"oldPassword\": \"12345\",\r\n    \"password\": \"12345\"\r\n}",
									"options": {
										"raw": {
											"language": "json"
										}
									}
								},
								"url": {
									"raw": "{{local}}/api/v1/user/changepassword",
									"host": [
										"{{local}}"
									],
									"path": [
										"api",
										"v1",
										"user",
										"changepassword"
									]
								}
							},
							"response": []
						},
						{
							"name": "set password",
							"request": {
								"auth": {
									"type": "bearer",
									"bearer": [
										{
											"key": "token",
											"value": "eyJhbGciOiJIUzI1NiIsInR5cCI6IkpXVCJ9.eyJfaWQiOiI2NDFiZTI5NWVmMDhiNjBiZDkxMmQyMmMiLCJyb2xlIjoidXNlciIsImp0aSI6ImExYzY2MmJjNTM3YmI5ZDhhMzc5Njk4OTU0MjZiYTExM2U5NjFlYmIiLCJpYXQiOjE2Nzk1NTE1MTAsImV4cCI6MTY4MDQxNTUxMH0.OvvcufUXytbYUqPyp5vNp0VXJOBxO4qdN0km1gpzCt0",
											"type": "string"
										}
									]
								},
								"method": "POST",
								"header": [],
								"body": {
									"mode": "raw",
									"raw": "{\r\n    \"password\": \"12345\"\r\n}",
									"options": {
										"raw": {
											"language": "json"
										}
									}
								},
								"url": {
									"raw": "{{local}}/api/v1/user/setPassword",
									"host": [
										"{{local}}"
									],
									"path": [
										"api",
										"v1",
										"user",
										"setPassword"
									]
								}
							},
							"response": []
						},
						{
							"name": "get Profile",
							"request": {
								"auth": {
									"type": "bearer",
									"bearer": [
										{
											"key": "token",
											"value": "eyJhbGciOiJIUzI1NiIsInR5cCI6IkpXVCJ9.eyJfaWQiOiI2NDFiZTI5NWVmMDhiNjBiZDkxMmQyMmMiLCJyb2xlIjoidXNlciIsImp0aSI6ImExYzY2MmJjNTM3YmI5ZDhhMzc5Njk4OTU0MjZiYTExM2U5NjFlYmIiLCJpYXQiOjE2Nzk1NTE1MTAsImV4cCI6MTY4MDQxNTUxMH0.OvvcufUXytbYUqPyp5vNp0VXJOBxO4qdN0km1gpzCt0",
											"type": "string"
										}
									]
								},
								"method": "GET",
								"header": [],
								"url": {
									"raw": "{{local}}/api/v1/user/profile",
									"host": [
										"{{local}}"
									],
									"path": [
										"api",
										"v1",
										"user",
										"profile"
									]
								}
							},
							"response": []
						}
					]
				}
			],
			"auth": {
				"type": "bearer",
				"bearer": [
					{
						"key": "token",
						"value": "eyJhbGciOiJIUzI1NiIsInR5cCI6IkpXVCJ9.eyJfaWQiOiI2NDFhOTFjY2E3OTk3ZDJjNGNkOTRlNzUiLCJyb2xlIjoidXNlciIsImp0aSI6IjdmM2E1OGYxMGM4N2Y0NTYxZDNiODNlMzQ2NTk4Mjk3MzBhMmM0OTEiLCJpYXQiOjE2Nzk0NjI5NzgsImV4cCI6MTY4MDMyNjk3OH0.pv0yYTOWzNNY_xrKmxZOTQ5wndByArJYWD4-jlQ9Pks",
						"type": "string"
					}
				]
			},
			"event": [
				{
					"listen": "prerequest",
					"script": {
						"type": "text/javascript",
						"exec": [
							""
						]
					}
				},
				{
					"listen": "test",
					"script": {
						"type": "text/javascript",
						"exec": [
							""
						]
					}
				}
			]
		},
		{
			"name": "ADMIN",
			"item": [
				{
					"name": "Onboarding",
					"item": [
						{
							"name": "login",
							"request": {
								"method": "POST",
								"header": [],
								"body": {
									"mode": "raw",
									"raw": "{\n    \"key\" : \"kooban@yopmail.com\",\n    \"password\" : \"12345\"\n}",
									"options": {
										"raw": {
											"language": "json"
										}
									}
								},
								"url": {
									"raw": "{{local}}/api/v1/admin/login",
									"host": [
										"{{local}}"
									],
									"path": [
										"api",
										"v1",
										"admin",
										"login"
									]
								}
							},
							"response": []
						},
						{
							"name": "forgot password",
							"request": {
								"method": "POST",
								"header": [],
								"body": {
									"mode": "raw",
									"raw": "{\n    \"email\" : \"yogi@yopmail.com\"\n}",
									"options": {
										"raw": {
											"language": "json"
										}
									}
								},
								"url": {
									"raw": "{{local}}/api/v1/admin/forgotPassword",
									"host": [
										"{{local}}"
									],
									"path": [
										"api",
										"v1",
										"admin",
										"forgotPassword"
									]
								}
							},
							"response": []
						},
						{
							"name": "Verify OTP",
							"request": {
								"method": "POST",
								"header": [],
								"body": {
									"mode": "raw",
									"raw": "{\n    \"key\" : \"yogi@yopmail.com\",\n    \"code\": \"1234\"\n}",
									"options": {
										"raw": {
											"language": "json"
										}
									}
								},
								"url": {
									"raw": "{{local}}/api/v1/admin/verifyOtp",
									"host": [
										"{{local}}"
									],
									"path": [
										"api",
										"v1",
										"admin",
										"verifyOtp"
									]
								}
							},
							"response": []
						},
						{
							"name": "set Password",
							"request": {
								"auth": {
									"type": "bearer",
									"bearer": [
										{
											"key": "token",
											"value": "eyJhbGciOiJIUzI1NiIsInR5cCI6IkpXVCJ9.eyJfaWQiOiI2MjIwNjBjZGYyMDZjZWI1MTc2NjMxNDIiLCJyb2xlIjoiQURNSU4iLCJpYXQiOjE2NDYyOTAwNzIsImV4cCI6MTY0NjU0OTI3Mn0.Unzc_Jx8kJT30B8iA1q2rRDlSrqL1V_TTo3HqcMLVKs",
											"type": "string"
										}
									]
								},
								"method": "POST",
								"header": [],
								"body": {
									"mode": "raw",
									"raw": "{\n    \"password\" : \"12345\"\n}",
									"options": {
										"raw": {
											"language": "json"
										}
									}
								},
								"url": {
									"raw": "{{local}}/api/v1/admin/setPassword",
									"host": [
										"{{local}}"
									],
									"path": [
										"api",
										"v1",
										"admin",
										"setPassword"
									]
								}
							},
							"response": []
						},
						{
							"name": "Update Profile",
							"request": {
								"auth": {
									"type": "bearer",
									"bearer": [
										{
											"key": "token",
											"value": "eyJhbGciOiJIUzI1NiIsInR5cCI6IkpXVCJ9.eyJfaWQiOiI2MjIwNjBjZGYyMDZjZWI1MTc2NjMxNDIiLCJyb2xlIjoiQURNSU4iLCJpYXQiOjE2NDY4OTE2MTksImV4cCI6MTY0NzE1MDgxOX0.OB9KqPNyKZyW8Iva-J9snKBi63OhpYXL8SbCTm-w96A",
											"type": "string"
										}
									]
								},
								"method": "PUT",
								"header": [],
								"body": {
									"mode": "raw",
									"raw": "{\n    \"email\":\"yogi@yopmail.com\",\n    \"name\":\"testdfdfdf\",\n    \"countryCode\":\"+91\",\n    \"phone\":\"435808340583409\",\n    \"address\":\"+83489579834\",\n    \"image\":\"/dbsdjfh\"\n\n}",
									"options": {
										"raw": {
											"language": "json"
										}
									}
								},
								"url": {
									"raw": "{{local}}/api/v1/admin/updateProfile",
									"host": [
										"{{local}}"
									],
									"path": [
										"api",
										"v1",
										"admin",
										"updateProfile"
									]
								}
							},
							"response": []
						},
						{
							"name": "get Profile",
							"request": {
								"auth": {
									"type": "bearer",
									"bearer": [
										{
											"key": "token",
											"value": "eyJhbGciOiJIUzI1NiIsInR5cCI6IkpXVCJ9.eyJfaWQiOiI2MjIwNjBjZGYyMDZjZWI1MTc2NjMxNDIiLCJyb2xlIjoiQURNSU4iLCJpYXQiOjE2NDY5MTAwMjAsImV4cCI6MTY0NzE2OTIyMH0.q84-ItQ3ggAvNKmXCygQgt37B4BER9SZr7MFy3L3tNU",
											"type": "string"
										}
									]
								},
								"method": "GET",
								"header": [],
								"url": {
									"raw": "{{local}}/api/v1/admin/profile",
									"host": [
										"{{local}}"
									],
									"path": [
										"api",
										"v1",
										"admin",
										"profile"
									]
								}
							},
							"response": []
						},
						{
							"name": "change Password",
							"request": {
								"method": "POST",
								"header": [],
								"body": {
									"mode": "raw",
									"raw": "{\n    \"oldPassword\" : \"12345\",\n    \"password\" : \"123456\"\n}",
									"options": {
										"raw": {
											"language": "json"
										}
									}
								},
								"url": {
									"raw": "{{local}}/api/v1/admin/changePassword",
									"host": [
										"{{local}}"
									],
									"path": [
										"api",
										"v1",
										"admin",
										"changePassword"
									]
								}
							},
							"response": []
						},
						{
							"name": "signUp",
							"request": {
								"method": "POST",
								"header": [],
								"body": {
									"mode": "raw",
									"raw": "{\n \"email\" : \"kooban@yopmail.com\",\n \"password\" : \"12345\"\n}",
									"options": {
										"raw": {
											"language": "json"
										}
									}
								},
								"url": {
									"raw": "{{local}}/api/v1/admin/signup",
									"host": [
										"{{local}}"
									],
									"path": [
										"api",
										"v1",
										"admin",
										"signup"
									]
								}
							},
							"response": []
						}
					]
				},
				{
					"name": "User",
					"item": [
						{
							"name": "get user",
							"request": {
								"auth": {
									"type": "bearer",
									"bearer": [
										{
											"key": "token",
											"value": "eyJhbGciOiJIUzI1NiIsInR5cCI6IkpXVCJ9.eyJfaWQiOiI2NDFiZmRmMTg2NDAxMzNkYzQ4MjgwYTIiLCJyb2xlIjoiQURNSU4iLCJpYXQiOjE2Nzk1NTYwODksImV4cCI6MTY4MDQyMDA4OX0.cqpzYLd7shlZsT-gHBGike-BMNJKDzM5SskveYPRH_g",
											"type": "string"
										}
									]
								},
								"method": "GET",
								"header": [],
								"url": {
									"raw": "{{local}}/api/v1/admin/users?page=1&limit=10",
									"host": [
										"{{local}}"
									],
									"path": [
										"api",
										"v1",
										"admin",
										"users"
									],
									"query": [
										{
											"key": "page",
											"value": "1"
										},
										{
											"key": "limit",
											"value": "10"
										}
									]
								}
							},
							"response": []
						},
						{
							"name": "User by Id",
							"request": {
								"auth": {
									"type": "bearer",
									"bearer": [
										{
											"key": "token",
											"value": "eyJhbGciOiJIUzI1NiIsInR5cCI6IkpXVCJ9.eyJfaWQiOiI2NDFiZmRmMTg2NDAxMzNkYzQ4MjgwYTIiLCJyb2xlIjoiQURNSU4iLCJpYXQiOjE2Nzk1NTYwODksImV4cCI6MTY4MDQyMDA4OX0.cqpzYLd7shlZsT-gHBGike-BMNJKDzM5SskveYPRH_g",
											"type": "string"
										}
									]
								},
								"method": "GET",
								"header": [],
								"url": {
									"raw": "{{local}}/api/v1/admin/users/641be295ef08b60bd912d22c",
									"host": [
										"{{local}}"
									],
									"path": [
										"api",
										"v1",
										"admin",
										"users",
										"641be295ef08b60bd912d22c"
									]
								}
							},
							"response": []
						},
						{
							"name": "Block User",
							"request": {
								"auth": {
									"type": "bearer",
									"bearer": [
										{
											"key": "token",
											"value": "eyJhbGciOiJIUzI1NiIsInR5cCI6IkpXVCJ9.eyJfaWQiOiI2MjIwNjBjZGYyMDZjZWI1MTc2NjMxNDIiLCJyb2xlIjoiQURNSU4iLCJpYXQiOjE2NDY5NzkxNDgsImV4cCI6MTY0NzIzODM0OH0.KFQlGAveHmINckQQjXrQISNQyt7lgt0AuYf6vhmlxGQ",
											"type": "string"
										}
									]
								},
								"method": "PUT",
								"header": [],
								"body": {
									"mode": "raw",
									"raw": "{\n    \"isBlocked\": true\n}",
									"options": {
										"raw": {
											"language": "json"
										}
									}
								},
								"url": {
									"raw": "{{local}}/api/v1/admin/userBlock/620e116c3a5a7bffc90e6c9b",
									"host": [
										"{{local}}"
									],
									"path": [
										"api",
										"v1",
										"admin",
										"userBlock",
										"620e116c3a5a7bffc90e6c9b"
									]
								}
							},
							"response": []
						},
						{
							"name": "Update User",
							"request": {
								"auth": {
									"type": "bearer",
									"bearer": [
										{
											"key": "token",
											"value": "eyJhbGciOiJIUzI1NiIsInR5cCI6IkpXVCJ9.eyJfaWQiOiI2MjIwNjBjZGYyMDZjZWI1MTc2NjMxNDIiLCJyb2xlIjoiQURNSU4iLCJpYXQiOjE2NDY5NzkxNDgsImV4cCI6MTY0NzIzODM0OH0.KFQlGAveHmINckQQjXrQISNQyt7lgt0AuYf6vhmlxGQ",
											"type": "string"
										}
									]
								},
								"method": "PUT",
								"header": [],
								"body": {
									"mode": "raw",
									"raw": "{\n    \"email\":\"preeple1@yopmail.com\",\n    \"name\":\"testdfdfdf\",\n    \"countryCode\":\"+91\",\n    \"phone\":\"435808340583409\",\n    \"address\":\"+83489579834\",\n    \"image\":\"/dbsdjfh\"\n\n}",
									"options": {
										"raw": {
											"language": "json"
										}
									}
								},
								"url": {
									"raw": "{{local}}/api/v1/admin/user/620e116c3a5a7bffc90e6c9b",
									"host": [
										"{{local}}"
									],
									"path": [
										"api",
										"v1",
										"admin",
										"user",
										"620e116c3a5a7bffc90e6c9b"
									]
								}
							},
							"response": []
						},
						{
							"name": "Delete user",
							"request": {
								"auth": {
									"type": "bearer",
									"bearer": [
										{
											"key": "token",
											"value": "eyJhbGciOiJIUzI1NiIsInR5cCI6IkpXVCJ9.eyJfaWQiOiI2MjIwNjBjZGYyMDZjZWI1MTc2NjMxNDIiLCJyb2xlIjoiQURNSU4iLCJpYXQiOjE2NDY5NzkxNDgsImV4cCI6MTY0NzIzODM0OH0.KFQlGAveHmINckQQjXrQISNQyt7lgt0AuYf6vhmlxGQ",
											"type": "string"
										}
									]
								},
								"method": "DELETE",
								"header": [],
								"url": {
									"raw": "{{local}}/api/v1/admin/user/620e116c3a5a7bffc90e6c9b",
									"host": [
										"{{local}}"
									],
									"path": [
										"api",
										"v1",
										"admin",
										"user",
										"620e116c3a5a7bffc90e6c9b"
									]
								}
							},
							"response": []
						},
						{
							"name": "user Info",
							"request": {
								"auth": {
									"type": "bearer",
									"bearer": [
										{
											"key": "token",
											"value": "eyJhbGciOiJIUzI1NiIsInR5cCI6IkpXVCJ9.eyJfaWQiOiI2MjIwNjBjZGYyMDZjZWI1MTc2NjMxNDIiLCJyb2xlIjoiQURNSU4iLCJpYXQiOjE2NDY5NzkxNDgsImV4cCI6MTY0NzIzODM0OH0.KFQlGAveHmINckQQjXrQISNQyt7lgt0AuYf6vhmlxGQ",
											"type": "string"
										}
									]
								},
								"method": "GET",
								"header": [],
								"url": {
									"raw": "{{local}}/api/v1/admin/userInfo/620e116c3a5a7bffc90e6c9b?page=1&limit=10&type=VERIFICATION",
									"host": [
										"{{local}}"
									],
									"path": [
										"api",
										"v1",
										"admin",
										"userInfo",
										"620e116c3a5a7bffc90e6c9b"
									],
									"query": [
										{
											"key": "page",
											"value": "1"
										},
										{
											"key": "limit",
											"value": "10"
										},
										{
											"key": "type",
											"value": "POST",
											"disabled": true
										},
										{
											"key": "type",
											"value": "FRIEND",
											"disabled": true
										},
										{
											"key": "type",
											"value": "VERIFICATION"
										}
									]
								}
							},
							"response": []
						},
						{
							"name": "User Req Accept/ Decline",
							"request": {
								"auth": {
									"type": "bearer",
									"bearer": [
										{
											"key": "token",
											"value": "eyJhbGciOiJIUzI1NiIsInR5cCI6IkpXVCJ9.eyJfaWQiOiI2MjIwNjBjZGYyMDZjZWI1MTc2NjMxNDIiLCJyb2xlIjoiQURNSU4iLCJpYXQiOjE2NDY5NzkxNDgsImV4cCI6MTY0NzIzODM0OH0.KFQlGAveHmINckQQjXrQISNQyt7lgt0AuYf6vhmlxGQ",
											"type": "string"
										}
									]
								},
								"method": "PUT",
								"header": [],
								"body": {
									"mode": "raw",
									"raw": "{\n    \"id\" : \"621c9f0ea920d67bceb272b5\",\n    \"action\" : \"DECLINE\"\n        // \"action\" : \"FRIENDS\"\n}",
									"options": {
										"raw": {
											"language": "json"
										}
									}
								},
								"url": {
									"raw": "{{local}}/api/v1/admin/userReq",
									"host": [
										"{{local}}"
									],
									"path": [
										"api",
										"v1",
										"admin",
										"userReq"
									]
								}
							},
							"response": []
						}
					]
				},
				{
					"name": "Notification",
					"item": [
						{
							"name": "post Notification",
							"request": {
								"auth": {
									"type": "bearer",
									"bearer": [
										{
											"key": "token",
											"value": "eyJhbGciOiJIUzI1NiIsInR5cCI6IkpXVCJ9.eyJfaWQiOiI2NDFiZmRmMTg2NDAxMzNkYzQ4MjgwYTIiLCJyb2xlIjoiQURNSU4iLCJpYXQiOjE2Nzk1NTYwODksImV4cCI6MTY4MDQyMDA4OX0.cqpzYLd7shlZsT-gHBGike-BMNJKDzM5SskveYPRH_g",
											"type": "string"
										}
									]
								},
								"method": "POST",
								"header": [],
								"body": {
									"mode": "raw",
									"raw": "{\n    \"notificationType\": \"Broadcast\",\n    \"type\": \"All\",\n    \"title\": \"aba\",\n    \"message\": \"999999999999999999999\"\n}",
									"options": {
										"raw": {
											"language": "json"
										}
									}
								},
								"url": {
									"raw": "{{local}}/api/v1/admin/notification",
									"host": [
										"{{local}}"
									],
									"path": [
										"api",
										"v1",
										"admin",
										"notification"
									]
								}
							},
							"response": []
						},
						{
							"name": "Notification",
							"request": {
								"auth": {
									"type": "bearer",
									"bearer": [
										{
											"key": "token",
											"value": "eyJhbGciOiJIUzI1NiIsInR5cCI6IkpXVCJ9.eyJfaWQiOiI2MjIwNjBjZGYyMDZjZWI1MTc2NjMxNDIiLCJyb2xlIjoiQURNSU4iLCJpYXQiOjE2NDc5MjI0MzksImV4cCI6MTY0ODE4MTYzOX0.fpAFz9_JYyA0CVgLy4xo96Lhcf2nxY44fJrlyfq-3-A",
											"type": "string"
										}
									]
								},
								"method": "GET",
								"header": [],
								"url": {
									"raw": "{{local}}/api/v1/admin/notification?page=1&limit=10&type=Broadcast",
									"host": [
										"{{local}}"
									],
									"path": [
										"api",
										"v1",
										"admin",
										"notification"
									],
									"query": [
										{
											"key": "page",
											"value": "1"
										},
										{
											"key": "limit",
											"value": "10"
										},
										{
											"key": "search",
											"value": "abcc",
											"disabled": true
										},
										{
											"key": "type",
											"value": "Broadcast"
										}
									]
								}
							},
							"response": []
						}
					]
				},
				{
					"name": "Faq",
					"item": [
						{
							"name": "add",
							"request": {
								"auth": {
									"type": "bearer",
									"bearer": [
										{
											"key": "token",
											"value": "eyJhbGciOiJIUzI1NiIsInR5cCI6IkpXVCJ9.eyJfaWQiOiI2NDFiZmRmMTg2NDAxMzNkYzQ4MjgwYTIiLCJyb2xlIjoiQURNSU4iLCJpYXQiOjE2Nzk1NTYwODksImV4cCI6MTY4MDQyMDA4OX0.cqpzYLd7shlZsT-gHBGike-BMNJKDzM5SskveYPRH_g",
											"type": "string"
										}
									]
								},
								"method": "POST",
								"header": [],
								"body": {
									"mode": "raw",
									"raw": "{\n    \"question\": \"Whats uppppp ?\",\n    \"answer\": \"NOOOOOOO\"\n}",
									"options": {
										"raw": {
											"language": "json"
										}
									}
								},
								"url": {
									"raw": "{{local}}/api/v1/admin/faq",
									"host": [
										"{{local}}"
									],
									"path": [
										"api",
										"v1",
										"admin",
										"faq"
									]
								}
							},
							"response": []
						},
						{
							"name": "get All",
							"request": {
								"auth": {
									"type": "bearer",
									"bearer": [
										{
											"key": "token",
											"value": "eyJhbGciOiJIUzI1NiIsInR5cCI6IkpXVCJ9.eyJfaWQiOiI2NDFiZmRmMTg2NDAxMzNkYzQ4MjgwYTIiLCJyb2xlIjoiQURNSU4iLCJpYXQiOjE2Nzk1NTYwODksImV4cCI6MTY4MDQyMDA4OX0.cqpzYLd7shlZsT-gHBGike-BMNJKDzM5SskveYPRH_g",
											"type": "string"
										}
									]
								},
								"method": "GET",
								"header": [],
								"url": {
									"raw": "{{local}}/api/v1/admin/faq",
									"host": [
										"{{local}}"
									],
									"path": [
										"api",
										"v1",
										"admin",
										"faq"
									]
								}
							},
							"response": []
						},
						{
							"name": "get By Id",
							"request": {
								"auth": {
									"type": "bearer",
									"bearer": [
										{
											"key": "token",
											"value": "eyJhbGciOiJIUzI1NiIsInR5cCI6IkpXVCJ9.eyJfaWQiOiI2NDFiZmRmMTg2NDAxMzNkYzQ4MjgwYTIiLCJyb2xlIjoiQURNSU4iLCJpYXQiOjE2Nzk1NTYwODksImV4cCI6MTY4MDQyMDA4OX0.cqpzYLd7shlZsT-gHBGike-BMNJKDzM5SskveYPRH_g",
											"type": "string"
										}
									]
								},
								"method": "GET",
								"header": [],
								"url": {
									"raw": "{{local}}/api/v1/admin/faq/641c19613cee8a591fcc72a6",
									"host": [
										"{{local}}"
									],
									"path": [
										"api",
										"v1",
										"admin",
										"faq",
										"641c19613cee8a591fcc72a6"
									]
								}
							},
							"response": []
						},
						{
							"name": "Delete",
							"request": {
								"auth": {
									"type": "bearer",
									"bearer": [
										{
											"key": "token",
											"value": "eyJhbGciOiJIUzI1NiIsInR5cCI6IkpXVCJ9.eyJfaWQiOiI2MzQ3YmNmOTU3MTUwYmU0ZjgwZWNjODEiLCJyb2xlIjoiQURNSU4iLCJpYXQiOjE2NjU2NTQwNjYsImV4cCI6MTY2NjUxODA2Nn0.DWo0PpB4lTVbj5aQ2KCftEtnEFw5dWSxivArciyJj3Y",
											"type": "string"
										}
									]
								},
								"method": "DELETE",
								"header": [],
								"url": {
									"raw": "{{local}}/api/v1/admin/faq/6347cbdb96b31af34754f3ba",
									"host": [
										"{{local}}"
									],
									"path": [
										"api",
										"v1",
										"admin",
										"faq",
										"6347cbdb96b31af34754f3ba"
									]
								}
							},
							"response": []
						},
						{
							"name": "Update",
							"request": {
								"auth": {
									"type": "bearer",
									"bearer": [
										{
											"key": "token",
											"value": "eyJhbGciOiJIUzI1NiIsInR5cCI6IkpXVCJ9.eyJfaWQiOiI2NDFiZmRmMTg2NDAxMzNkYzQ4MjgwYTIiLCJyb2xlIjoiQURNSU4iLCJpYXQiOjE2Nzk1NTYwODksImV4cCI6MTY4MDQyMDA4OX0.cqpzYLd7shlZsT-gHBGike-BMNJKDzM5SskveYPRH_g",
											"type": "string"
										}
									]
								},
								"method": "PUT",
								"header": [],
								"body": {
									"mode": "raw",
									"raw": "{\n    \"question\": \"Hiiiiiiiiiiiiiiiiiiiii\",\n    \"answer\": \"Ok Byeeeeeeeeeeeee\"\n}",
									"options": {
										"raw": {
											"language": "json"
										}
									}
								},
								"url": {
									"raw": "{{local}}/api/v1/admin/faq/641c19613cee8a591fcc72a6",
									"host": [
										"{{local}}"
									],
									"path": [
										"api",
										"v1",
										"admin",
										"faq",
										"641c19613cee8a591fcc72a6"
									]
								}
							},
							"response": []
						}
					]
				},
				{
					"name": "cms",
					"item": [
						{
							"name": "updateCms",
							"request": {
								"auth": {
									"type": "bearer",
									"bearer": [
										{
											"key": "token",
											"value": "eyJhbGciOiJIUzI1NiIsInR5cCI6IkpXVCJ9.eyJfaWQiOiI2NDFiZmRmMTg2NDAxMzNkYzQ4MjgwYTIiLCJyb2xlIjoiQURNSU4iLCJpYXQiOjE2Nzk1NTYwODksImV4cCI6MTY4MDQyMDA4OX0.cqpzYLd7shlZsT-gHBGike-BMNJKDzM5SskveYPRH_g",
											"type": "string"
										}
									]
								},
								"method": "PUT",
								"header": [],
								"body": {
									"mode": "raw",
									"raw": "{\r\n    \"termsAndConditions\": \"op\",\r\n    \"aboutApp\": \"llllllll\",\r\n    \"email\": \"madhurgarg87@gmail.com\",\r\n    \"phone\": \"8059083321\"\r\n}",
									"options": {
										"raw": {
											"language": "json"
										}
									}
								},
								"url": {
									"raw": "{{local}}/api/v1/admin/cms/641bd80d5f5c5ffd07f627e1",
									"host": [
										"{{local}}"
									],
									"path": [
										"api",
										"v1",
										"admin",
										"cms",
										"641bd80d5f5c5ffd07f627e1"
									]
								}
							},
							"response": []
						},
						{
							"name": "getCms",
							"request": {
								"auth": {
									"type": "bearer",
									"bearer": [
										{
											"key": "token",
											"value": "eyJhbGciOiJIUzI1NiIsInR5cCI6IkpXVCJ9.eyJfaWQiOiI2NDFiZmRmMTg2NDAxMzNkYzQ4MjgwYTIiLCJyb2xlIjoiQURNSU4iLCJpYXQiOjE2Nzk1NTYwODksImV4cCI6MTY4MDQyMDA4OX0.cqpzYLd7shlZsT-gHBGike-BMNJKDzM5SskveYPRH_g",
											"type": "string"
										}
									]
								},
								"method": "GET",
								"header": [],
								"url": {
									"raw": "{{local}}/api/v1/admin/cms",
									"host": [
										"{{local}}"
									],
									"path": [
										"api",
										"v1",
										"admin",
										"cms"
									]
								}
							},
							"response": []
						}
					]
				},
				{
					"name": "Upload",
					"request": {
						"method": "POST",
						"header": [],
						"body": {
							"mode": "formdata",
							"formdata": [
								{
									"key": "image",
									"type": "file",
									"src": "/home/robin/Pictures/image.png"
								}
							]
						},
						"url": {
							"raw": "{{local}}/api/v1/admin/upload",
							"host": [
								"{{local}}"
							],
							"path": [
								"api",
								"v1",
								"admin",
								"upload"
							]
						}
					},
					"response": []
				},
				{
					"name": "Dashboard",
					"request": {
						"auth": {
							"type": "bearer",
							"bearer": [
								{
									"key": "token",
									"value": "eyJhbGciOiJIUzI1NiIsInR5cCI6IkpXVCJ9.eyJfaWQiOiI2MjIwNjBjZGYyMDZjZWI1MTc2NjMxNDIiLCJyb2xlIjoiQURNSU4iLCJpYXQiOjE2NDg1NDcyOTMsImV4cCI6MTY0ODgwNjQ5M30.FH85u9bAWl4JopR3j2NT7BFcTmal7OrHiNKUi3vlwpw",
									"type": "string"
								}
							]
						},
						"method": "GET",
						"header": [],
						"url": {
							"raw": "{{local}}/api/v1/admin/dashboard?personType=monthly&newPersonType=monthly",
							"host": [
								"{{local}}"
							],
							"path": [
								"api",
								"v1",
								"admin",
								"dashboard"
							],
							"query": [
								{
									"key": "personType",
									"value": "monthly"
								},
								{
									"key": "newPersonType",
									"value": "monthly"
								}
							]
						}
					},
					"response": []
				}
			]
		}
	],
	"event": [
		{
			"listen": "prerequest",
			"script": {
				"type": "text/javascript",
				"exec": [
					""
				]
			}
		},
		{
			"listen": "test",
			"script": {
				"type": "text/javascript",
				"exec": [
					""
				]
			}
		}
	],
	"variable": [
		{
			"key": "local",
			"value": "localhost:4215",
			"type": "string"
		}
	]
}