{
    "jwtOption": {
        "jwtSecretKey": "ededwedwwpolfePtbefddfdffdgfEadRzVlewewf2323ferferf2323",
        "jwtRefreshSecretKey": "ededwedwwpdfdfddfddffolfePtbEadRzVlewewf2323ferferf2323",
        "issuer": "apptunix",
        "subject": "apptunix",
        "audience": "apptunix",
        "algorithm": "SHA256",
        "expiresIn": "3d"
    },
    "mongo": {
        "url": "mongodb://apzoradmin:OX%3FrND%3Ac76C~sIb@nsfas-eu.cluster-c8quil612sut.eu-west-1.docdb.amazonaws.com/kyc_wallet?authMechanism=DEFAULT&tls=true&tlsInsecure=true&directConnection=true&retryWrites=false"
    },
    "self": {
        "url": "http://appgrowthcompany.com:4210"
    },
    "Link":{
        "url": "https://appgrowthcompany.com/Koobanstagging"
    }
}