{
    "jwtOption": {
        "jwtSecretKey": "ededwedwwpolfePtbefddfdffdgfEadRzVlewewf2323ferferf2323",
        "jwtRefreshSecretKey": "ededwedwwpdfdfddfddffolfePtbEadRzVlewewf2323ferferf2323",
        "issuer": "apptunix",
        "subject": "apptunix",
        "audience": "apptunix",
        "algorithm": "SHA256",
        "expiresIn": "3d"
    },
    "mongo": {
        "url": "mongodb://localhost:27017/kyc_wallet_stag"
    },
    "self": {
        "url": "http://appgrowthcompany.com:4210"
    },
    "Link": {
        "url": "https://appgrowthcompany.com/Koobanstagging"
    }
}